8NTsfwFld7cQeCGRRxJemCPTNLl2,15:30:54,13/08/2022
cCVuf35weCVSxUBc46gVrOEh0d02,15:31:15,13/08/2022
erqlGtw4DYYBqVfg7QjMotmrT803,15:31:27,13/08/2022
gRlkNmGypQTVvBNQSWRt7cPSuAm1,15:31:36,13/08/2022
8NTsfwFld7cQeCGRRxJemCPTNLl2,15:33:29,13/08/2022
cCVuf35weCVSxUBc46gVrOEh0d02,15:33:49,13/08/2022
erqlGtw4DYYBqVfg7QjMotmrT803,15:34:01,13/08/2022
gRlkNmGypQTVvBNQSWRt7cPSuAm1,15:34:10,13/08/2022
8NTsfwFld7cQeCGRRxJemCPTNLl2,15:36:06,13/08/2022
cCVuf35weCVSxUBc46gVrOEh0d02,15:36:26,13/08/2022
erqlGtw4DYYBqVfg7QjMotmrT803,15:36:38,13/08/2022
gRlkNmGypQTVvBNQSWRt7cPSuAm1,15:36:48,13/08/2022