Name,Time,Date

IMKSAV,10:59:07,06/08/2022
IMKSAV,10:59:51,06/08/2022
IMKSAV,11:01:44,06/08/2022
IMKSAV,11:01:45,06/08/2022
IMKSAV,11:01:45,06/08/2022
IMKSAV,11:01:46,06/08/2022
IMKSAV,11:24:43,06/08/2022
IMKSAV,11:24:45,06/08/2022
IMKSAV,11:24:49,06/08/2022
IMKSAV,11:24:49,06/08/2022
IMKSAV,11:24:50,06/08/2022
IMKSAV,11:24:51,06/08/2022
IMKSAV,11:24:51,06/08/2022
IMKSAV,11:24:52,06/08/2022
IMKSAV,11:24:52,06/08/2022
IMKSAV,11:24:53,06/08/2022
IMKSAV,11:24:53,06/08/2022
IMKSAV,11:24:54,06/08/2022
IMKSAV,11:24:54,06/08/2022
IMKSAV,11:24:55,06/08/2022
IMKSAV,11:24:55,06/08/2022
IMKSAV,13:42:42,06/08/2022
IMKSAV,13:42:42,06/08/2022
IMKSAV,13:42:43,06/08/2022
IMKSAV,13:42:43,06/08/2022
IMKSAV,13:42:44,06/08/2022
IMKSAV,13:42:44,06/08/2022
IMKSAV,13:42:45,06/08/2022
IMKSAV,13:42:45,06/08/2022
IMKSAV,13:42:46,06/08/2022
IMKSAV,13:42:46,06/08/2022
IMKSAV,13:42:47,06/08/2022
IMKSAV,13:42:47,06/08/2022
IMKSAV,13:42:47,06/08/2022
IMKSAV,13:42:48,06/08/2022
IMKSAV,13:42:48,06/08/2022
IMKSAV,13:42:49,06/08/2022
IMKSAV,13:42:50,06/08/2022
IMKSAV,13:42:54,06/08/2022
IMKSAV,13:42:55,06/08/2022
IMKSAV,13:42:55,06/08/2022
IMKSAV,13:42:56,06/08/2022
IMKSAV,13:42:56,06/08/2022
IMKSAV,13:42:57,06/08/2022
IMKSAV,13:42:57,06/08/2022
IMKSAV,13:42:57,06/08/2022
IMKSAV,13:42:58,06/08/2022
IMKSAV,13:42:58,06/08/2022
IMKSAV,13:42:59,06/08/2022
IMKSAV,13:42:59,06/08/2022
IMKSAV,13:43:00,06/08/2022
IMKSAV,13:43:00,06/08/2022
IMKSAV,13:43:01,06/08/2022
IMKSAV,13:43:01,06/08/2022
IMKSAV,13:43:02,06/08/2022
IMKSAV,13:43:02,06/08/2022
IMKSAV,13:43:03,06/08/2022
IMKSAV,13:43:07,06/08/2022
IMKSAV,13:43:11,06/08/2022
IMKSAV,13:43:11,06/08/2022
IMKSAV,13:43:12,06/08/2022
IMKSAV,13:43:12,06/08/2022
IMKSAV,13:43:13,06/08/2022
IMKSAV,13:43:13,06/08/2022
IMKSAV,13:43:13,06/08/2022
IMKSAV,13:43:14,06/08/2022
IMKSAV,13:43:14,06/08/2022
IMKSAV,13:43:15,06/08/2022
IMKSAV,13:43:15,06/08/2022
IMKSAV,13:43:16,06/08/2022
IMKSAV,13:43:16,06/08/2022
IMKSAV,13:43:17,06/08/2022
KESHAVBHANDARI,13:43:20,06/08/2022
KESHAVBHANDARI,13:43:22,06/08/2022
IMKSAV,13:43:28,06/08/2022
IMKSAV,13:43:28,06/08/2022
KESHAVBHANDARI,13:43:29,06/08/2022
IMKSAV,13:43:30,06/08/2022
IMKSAV,13:43:30,06/08/2022
IMKSAV,13:43:30,06/08/2022
IMKSAV,13:43:31,06/08/2022
IMKSAV,13:43:32,06/08/2022
IMKSAV,14:07:27,06/08/2022
IMKSAV,14:07:28,06/08/2022
IMKSAV,14:07:28,06/08/2022
IMKSAV,14:07:29,06/08/2022
IMKSAV,14:07:30,06/08/2022
IMKSAV,14:20:45,06/08/2022
IMKSAV,14:20:46,06/08/2022
IMKSAV,14:21:07,06/08/2022
IMKSAV,14:21:07,06/08/2022
IMKSAV,14:21:08,06/08/2022
IMKSAV,14:21:15,06/08/2022
IMKSAV,14:21:15,06/08/2022
IMKSAV,14:21:16,06/08/2022
IMKSAV,14:21:16,06/08/2022
IMKSAV,14:21:17,06/08/2022
IMKSAV,14:21:17,06/08/2022
IMKSAV,14:21:18,06/08/2022
IMKSAV,14:21:18,06/08/2022
IMKSAV,14:21:18,06/08/2022
IMKSAV,14:21:19,06/08/2022
IMKSAV,14:21:19,06/08/2022
IMKSAV,14:21:20,06/08/2022
IMKSAV,14:21:20,06/08/2022
IMKSAV,14:21:24,06/08/2022
IMKSAV,14:21:24,06/08/2022
IMKSAV,14:21:25,06/08/2022
IMKSAV,14:21:25,06/08/2022
IMKSAV,14:21:26,06/08/2022
IMKSAV,14:21:26,06/08/2022
IMKSAV,14:21:27,06/08/2022
IMKSAV,14:21:27,06/08/2022
IMKSAV,14:21:27,06/08/2022
IMKSAV,14:21:28,06/08/2022
IMKSAV,14:21:28,06/08/2022
IMKSAV,14:21:29,06/08/2022
IMKSAV,14:21:31,06/08/2022
IMKSAV,14:21:32,06/08/2022
IMKSAV,14:21:33,06/08/2022
IMKSAV,14:21:33,06/08/2022
IMKSAV,14:21:34,06/08/2022
IMKSAV,14:21:34,06/08/2022
IMKSAV,14:21:35,06/08/2022
IMKSAV,14:21:35,06/08/2022
IMKSAV,14:21:36,06/08/2022
IMKSAV,14:21:36,06/08/2022
IMKSAV,14:21:36,06/08/2022
IMKSAV,14:21:38,06/08/2022
IMKSAV,14:21:38,06/08/2022
IMKSAV,14:21:39,06/08/2022
IMKSAV,14:21:41,06/08/2022
IMKSAV,14:21:41,06/08/2022
KESHAVBHANDARI,14:21:43,06/08/2022
KESHAVBHANDARI,14:21:44,06/08/2022
KESHAVBHANDARI,14:21:45,06/08/2022
KESHAVBHANDARI,14:21:47,06/08/2022
IMKSAV,14:21:49,06/08/2022
IMKSAV,14:21:49,06/08/2022
IMKSAV,14:21:50,06/08/2022
KESHAVBHANDARI,14:21:50,06/08/2022
OBAMA,14:21:51,06/08/2022
IMKSAV,14:21:52,06/08/2022
KESHAVBHANDARI,14:21:52,06/08/2022
IMKSAV,14:21:53,06/08/2022
IMKSAV,14:21:53,06/08/2022
IMKSAV,14:21:54,06/08/2022
IMKSAV,14:21:55,06/08/2022
IMKSAV,14:21:56,06/08/2022
IMKSAV,14:21:56,06/08/2022
IMKSAV,14:21:57,06/08/2022
IMKSAV,15:14:44,06/08/2022
IMKSAV,15:14:46,06/08/2022